,bestsellers_date,genre_is_not_romance,genre_is_romance,romance_percent
0,2016-01-01,75.0,20.0,21.052631578947366
1,2016-02-01,62.0,17.0,21.518987341772153
2,2016-03-01,68.0,12.0,15.0
3,2016-04-01,69.0,28.0,28.865979381443296
4,2016-05-01,60.0,17.0,22.07792207792208
5,2016-06-01,63.0,15.0,19.230769230769234
6,2016-07-01,69.0,29.0,29.591836734693878
7,2016-08-01,60.0,19.0,24.050632911392405
8,2016-09-01,69.0,11.0,13.750000000000002
9,2016-10-01,84.0,13.0,13.402061855670103
10,2016-11-01,67.0,10.0,12.987012987012985
11,2016-12-01,89.0,10.0,10.1010101010101
12,2017-01-01,56.0,14.0,20.0
13,2017-02-01,50.0,10.0,16.666666666666664
14,2017-03-01,54.0,6.0,10.0
15,2017-04-01,70.0,5.0,6.666666666666667
16,2017-05-01,59.0,1.0,1.6666666666666667
17,2017-06-01,54.0,6.0,10.0
18,2017-07-01,70.0,5.0,6.666666666666667
19,2017-08-01,57.0,3.0,5.0
20,2017-09-01,70.0,5.0,6.666666666666667
21,2017-10-01,58.0,2.0,3.3333333333333335
22,2017-11-01,57.0,3.0,5.0
23,2017-12-01,69.0,6.0,8.0
24,2018-01-01,52.0,8.0,13.333333333333334
25,2018-02-01,48.0,12.0,20.0
26,2018-03-01,70.0,5.0,6.666666666666667
27,2018-04-01,57.0,3.0,5.0
28,2018-05-01,54.0,6.0,10.0
29,2018-06-01,70.0,5.0,6.666666666666667
30,2018-07-01,56.0,4.0,6.666666666666667
31,2018-08-01,54.0,6.0,10.0
32,2018-09-01,69.0,6.0,8.0
33,2018-10-01,55.0,5.0,8.333333333333332
34,2018-11-01,52.0,8.0,13.333333333333334
35,2018-12-01,66.0,9.0,12.0
36,2019-01-01,52.0,8.0,13.333333333333334
37,2019-02-01,53.0,7.0,11.666666666666666
38,2019-03-01,71.0,4.0,5.333333333333334
39,2019-04-01,56.0,4.0,6.666666666666667
40,2019-05-01,51.0,9.0,15.0
41,2019-06-01,67.0,8.0,10.666666666666668
42,2019-07-01,56.0,4.0,6.666666666666667
43,2019-08-01,74.0,1.0,1.3333333333333335
44,2019-09-01,59.0,1.0,1.6666666666666667
45,2019-10-01,58.0,2.0,3.3333333333333335
46,2019-11-01,72.0,3.0,4.0
47,2019-12-01,60.0,,
48,2020-01-01,59.0,1.0,1.6666666666666667
49,2020-02-01,72.0,3.0,4.0
50,2020-03-01,53.0,7.0,11.666666666666666
51,2020-04-01,55.0,5.0,8.333333333333332
52,2020-05-01,73.0,2.0,2.666666666666667
53,2020-06-01,56.0,4.0,6.666666666666667
54,2020-07-01,49.0,11.0,18.333333333333332
55,2020-08-01,66.0,9.0,12.0
56,2020-09-01,58.0,2.0,3.3333333333333335
57,2020-10-01,67.0,8.0,10.666666666666668
58,2020-11-01,54.0,6.0,10.0
59,2020-12-01,56.0,4.0,6.666666666666667
60,2021-01-01,56.0,19.0,25.333333333333336
61,2021-02-01,46.0,14.0,23.333333333333332
62,2021-03-01,54.0,6.0,10.0
63,2021-04-01,53.0,7.0,11.666666666666666
64,2021-05-01,69.0,6.0,8.0
65,2021-06-01,51.0,9.0,15.0
66,2021-07-01,63.0,12.0,16.0
67,2021-08-01,52.0,8.0,13.333333333333334
68,2021-09-01,50.0,10.0,16.666666666666664
69,2021-10-01,58.0,17.0,22.666666666666664
70,2021-11-01,46.0,14.0,23.333333333333332
71,2021-12-01,48.0,12.0,20.0
72,2022-01-01,58.0,17.0,22.666666666666664
73,2022-02-01,45.0,15.0,25.0
74,2022-03-01,46.0,14.0,23.333333333333332
75,2022-04-01,49.0,26.0,34.66666666666667
76,2022-05-01,39.0,21.0,35.0
77,2022-06-01,29.0,31.0,51.66666666666667
78,2022-07-01,39.0,36.0,48.0
79,2022-08-01,33.0,27.0,45.0
80,2022-09-01,40.0,20.0,33.33333333333333
81,2022-10-01,58.0,17.0,22.666666666666664
82,2022-11-01,46.0,14.0,23.333333333333332
83,2022-12-01,58.0,17.0,22.666666666666664
84,2023-01-01,45.0,15.0,25.0
85,2023-02-01,37.0,23.0,38.333333333333336
86,2023-03-01,38.0,22.0,36.666666666666664
87,2023-04-01,51.0,24.0,32.0
88,2023-05-01,42.0,18.0,30.0
89,2023-06-01,38.0,22.0,36.666666666666664
90,2023-07-01,49.0,26.0,34.66666666666667
91,2023-08-01,48.0,12.0,20.0
92,2023-09-01,67.0,8.0,10.666666666666668
93,2023-10-01,43.0,17.0,28.333333333333332
94,2023-11-01,49.0,11.0,18.333333333333332
95,2023-12-01,63.0,12.0,16.0
96,2024-01-01,46.0,14.0,23.333333333333332
97,2024-02-01,51.0,9.0,15.0
98,2024-03-01,58.0,17.0,22.666666666666664
99,2024-04-01,41.0,19.0,31.666666666666664
100,2024-05-01,39.0,21.0,35.0
101,2024-06-01,53.0,22.0,29.333333333333332
102,2024-07-01,52.0,8.0,13.333333333333334
103,2024-08-01,64.0,11.0,14.666666666666666
104,2024-09-01,54.0,6.0,10.0
105,2024-10-01,55.0,5.0,8.333333333333332
106,2024-11-01,66.0,9.0,12.0
107,2024-12-01,58.0,2.0,3.3333333333333335
108,2025-01-01,55.0,5.0,8.333333333333332
109,2025-02-01,51.0,9.0,15.0
110,2025-03-01,56.0,19.0,25.333333333333336
111,2025-04-01,50.0,10.0,16.666666666666664
112,2025-05-01,59.0,16.0,21.333333333333336
113,2025-06-01,44.0,16.0,26.666666666666668
114,2025-07-01,41.0,17.0,29.310344827586203
115,2025-08-01,58.0,16.0,21.62162162162162
116,2025-09-01,51.0,9.0,15.0
117,2025-10-01,47.0,13.0,21.666666666666668
118,2025-11-01,67.0,8.0,10.666666666666668
119,2025-12-01,56.0,4.0,6.666666666666667
